"job_id","company_name","job_title","job_via","job_location","salary_year_avg","job_posted_date"
40145,"Selby Jennings","Staff Data Scientist/Quant Researcher","via LinkedIn","Anywhere","550000.0","2023-08-16"
1714768,"Selby Jennings","Staff Data Scientist - Business Analytics","via LinkedIn","Anywhere","525000.0","2023-09-01"
1131472,"Algo Capital Group","Data Scientist","via LinkedIn","Anywhere","375000.0","2023-07-31"
1742633,"Demandbase","Head of Data Science","via LinkedIn","Anywhere","351500.0","2023-07-12"
551497,"Demandbase","Head of Data Science","via LinkedIn","Anywhere","324000.0","2023-05-26"
126218,"Teramind","Director Level - Product Management - Data Science","via LinkedIn","Anywhere","320000.0","2023-03-26"
1161630,"Reddit","Director of Data Science & Analytics","via Indeed","Anywhere","313000.0","2023-08-23"
457991,"Lawrence Harvey","Head of Battery Data Science","via LinkedIn","Anywhere","300000.0","2023-10-02"
38905,"Storm5","Principal Data Scientist","via LinkedIn","Anywhere","300000.0","2023-11-24"
226011,"Walmart","Distinguished Data Scientist","via ZipRecruiter","Anywhere","300000.0","2023-08-06"
